<?xml version="1.0" encoding="UTF-8"?>
<configurationDescriptor version="100">
  <logicalFolder name="root" displayName="root" projectFiles="true" kind="ROOT">
    <logicalFolder name="HeaderFiles"
                   displayName="Header Files"
                   projectFiles="true">
      <itemPath>AjoutArrivee.h</itemPath>
      <itemPath>AjoutDepart.h</itemPath>
      <itemPath>SupprimerVol.h</itemPath>
      <itemPath>TableauAeroport.h</itemPath>
    </logicalFolder>
    <logicalFolder name="ResourceFiles"
                   displayName="Resource Files"
                   projectFiles="true">
      <itemPath>AjoutArrivee.ui</itemPath>
      <itemPath>AjoutDepart.ui</itemPath>
      <itemPath>SupprimerVol.ui</itemPath>
      <itemPath>TableauAeroport.ui</itemPath>
    </logicalFolder>
    <logicalFolder name="SourceFiles"
                   displayName="Source Files"
                   projectFiles="true">
      <itemPath>AjoutArrivee.cpp</itemPath>
      <itemPath>AjoutDepart.cpp</itemPath>
      <itemPath>ProgrammeUtlisateur.cpp</itemPath>
      <itemPath>SupprimerVol.cpp</itemPath>
      <itemPath>TableauAeroport.cpp</itemPath>
    </logicalFolder>
    <logicalFolder name="TestFiles"
                   displayName="Test Files"
                   projectFiles="false"
                   kind="TEST_LOGICAL_FOLDER">
    </logicalFolder>
    <logicalFolder name="ExternalFiles"
                   displayName="Important Files"
                   projectFiles="false"
                   kind="IMPORTANT_FILES_FOLDER">
      <itemPath>Makefile</itemPath>
    </logicalFolder>
  </logicalFolder>
  <projectmakefile>Makefile</projectmakefile>
  <confs>
    <conf name="Debug" type="4">
      <toolsSet>
        <compilerSet>default</compilerSet>
        <dependencyChecking>true</dependencyChecking>
        <rebuildPropChanged>false</rebuildPropChanged>
      </toolsSet>
      <qt>
        <modules>core gui widgets</modules>
      </qt>
      <compileType>
        <ccTool>
          <incDir>
            <pElem>../Sources</pElem>
          </incDir>
        </ccTool>
        <linkerTool>
          <linkerLibItems>
            <linkerLibProjectItem>
              <makeArtifact PL="../Sources"
                            CT="3"
                            CN="Debug"
                            AC="true"
                            BL="true"
                            WD="../Sources"
                            BC="${MAKE}  -f Makefile CONF=Debug"
                            CC="${MAKE}  -f Makefile CONF=Debug clean"
                            OP="${CND_DISTDIR}/${CND_CONF}/${CND_PLATFORM}/libsources.a">
              </makeArtifact>
            </linkerLibProjectItem>
          </linkerLibItems>
        </linkerTool>
      </compileType>
      <item path="AjoutArrivee.cpp" ex="false" tool="1" flavor2="0">
      </item>
      <item path="AjoutArrivee.h" ex="false" tool="3" flavor2="0">
      </item>
      <item path="AjoutArrivee.ui" ex="false" tool="3" flavor2="0">
      </item>
      <item path="AjoutDepart.cpp" ex="false" tool="1" flavor2="0">
      </item>
      <item path="AjoutDepart.h" ex="false" tool="3" flavor2="0">
      </item>
      <item path="AjoutDepart.ui" ex="false" tool="3" flavor2="0">
      </item>
      <item path="ProgrammeUtlisateur.cpp" ex="false" tool="1" flavor2="0">
      </item>
      <item path="SupprimerVol.cpp" ex="false" tool="1" flavor2="0">
      </item>
      <item path="SupprimerVol.h" ex="false" tool="3" flavor2="0">
      </item>
      <item path="SupprimerVol.ui" ex="false" tool="3" flavor2="0">
      </item>
      <item path="TableauAeroport.cpp" ex="false" tool="1" flavor2="0">
      </item>
      <item path="TableauAeroport.h" ex="false" tool="3" flavor2="0">
      </item>
      <item path="TableauAeroport.ui" ex="false" tool="3" flavor2="0">
      </item>
    </conf>
    <conf name="Release" type="4">
      <toolsSet>
        <compilerSet>default</compilerSet>
        <dependencyChecking>true</dependencyChecking>
        <rebuildPropChanged>false</rebuildPropChanged>
      </toolsSet>
      <qt>
        <buildMode>1</buildMode>
        <modules>core gui widgets</modules>
      </qt>
      <compileType>
        <cTool>
          <developmentMode>5</developmentMode>
        </cTool>
        <ccTool>
          <developmentMode>5</developmentMode>
        </ccTool>
        <fortranCompilerTool>
          <developmentMode>5</developmentMode>
        </fortranCompilerTool>
        <asmTool>
          <developmentMode>5</developmentMode>
        </asmTool>
      </compileType>
      <item path="AjoutArrivee.cpp" ex="false" tool="1" flavor2="0">
      </item>
      <item path="AjoutArrivee.h" ex="false" tool="3" flavor2="0">
      </item>
      <item path="AjoutArrivee.ui" ex="false" tool="3" flavor2="0">
      </item>
      <item path="AjoutDepart.cpp" ex="false" tool="1" flavor2="0">
      </item>
      <item path="AjoutDepart.h" ex="false" tool="3" flavor2="0">
      </item>
      <item path="AjoutDepart.ui" ex="false" tool="3" flavor2="0">
      </item>
      <item path="ProgrammeUtlisateur.cpp" ex="false" tool="1" flavor2="0">
      </item>
      <item path="SupprimerVol.cpp" ex="false" tool="1" flavor2="0">
      </item>
      <item path="SupprimerVol.h" ex="false" tool="3" flavor2="0">
      </item>
      <item path="SupprimerVol.ui" ex="false" tool="3" flavor2="0">
      </item>
      <item path="TableauAeroport.cpp" ex="false" tool="1" flavor2="0">
      </item>
      <item path="TableauAeroport.h" ex="false" tool="3" flavor2="0">
      </item>
      <item path="TableauAeroport.ui" ex="false" tool="3" flavor2="0">
      </item>
    </conf>
  </confs>
</configurationDescriptor>
